clientId,educationalInstitutionId,clientName,trailId,trailName,trailDescription,trailThreadId,trailThreadName,sectorId,sectorName,sectorDescription,sectorItemId,sectorItemName,materialFile,examId
10307,11860,SAS - Focos,232,Desenvolvendo Competências e Habilidades na Educação Básica,Desenvolvendo Competências e Habilidades na Educação Básica,196,FOCOS Cursos,860,Bem-vindo(a) à o Desenvolvendo Competências e Habilidades na Educação Básica,Bem-vindo(a)!! Vamos começar?,1628,Boas Vindas ao Curso,90026,
10307,11860,SAS - Focos,232,Desenvolvendo Competências e Habilidades na Educação Básica,Desenvolvendo Competências e Habilidades na Educação Básica,196,FOCOS Cursos,860,Bem-vindo(a) à o Desenvolvendo Competências e Habilidades na Educação Básica,Bem-vindo(a)!! Vamos começar?,1629,Saiba Mais sobre o curso,90027,
10307,11860,SAS - Focos,232,Desenvolvendo Competências e Habilidades na Educação Básica,Desenvolvendo Competências e Habilidades na Educação Básica,196,FOCOS Cursos,860,Bem-vindo(a) à o Desenvolvendo Competências e Habilidades na Educação Básica,Bem-vindo(a)!! Vamos começar?,1630,Depoimentos de professores,90028,
10307,11860,SAS - Focos,232,Desenvolvendo Competências e Habilidades na Educação Básica,Desenvolvendo Competências e Habilidades na Educação Básica,196,FOCOS Cursos,861,Para começar Informações úteis,Algumas informações antes de começar!,1708,Ementa,90066,
10307,11860,SAS - Focos,232,Desenvolvendo Competências e Habilidades na Educação Básica,Desenvolvendo Competências e Habilidades na Educação Básica,196,FOCOS Cursos,861,Para começar Informações úteis,Algumas informações antes de começar!,1709,Conteúdo,90067,
10307,11860,SAS - Focos,232,Desenvolvendo Competências e Habilidades na Educação Básica,Desenvolvendo Competências e Habilidades na Educação Básica,196,FOCOS Cursos,861,Para começar Informações úteis,Algumas informações antes de começar!,1710,Atividades e Critério para Certificação 2021,90068,
10307,11860,SAS - Focos,232,Desenvolvendo Competências e Habilidades na Educação Básica,Desenvolvendo Competências e Habilidades na Educação Básica,196,FOCOS Cursos,879,introdução Desenvolvendo Competências e Habilidades na Educação Básica,Apresentação Inicial.,1711,Apresentação Inicial - Introdução,90069,
10307,11860,SAS - Focos,232,Desenvolvendo Competências e Habilidades na Educação Básica,Desenvolvendo Competências e Habilidades na Educação Básica,196,FOCOS Cursos,879,introdução Desenvolvendo Competências e Habilidades na Educação Básica,Apresentação Inicial.,1712,Videoaula - Professor Gustavo Moretto,90070,
10307,11860,SAS - Focos,232,Desenvolvendo Competências e Habilidades na Educação Básica,Desenvolvendo Competências e Habilidades na Educação Básica,196,FOCOS Cursos,879,introdução Desenvolvendo Competências e Habilidades na Educação Básica,Apresentação Inicial.,1713,Ebook Introdução,90071,
10307,11860,SAS - Focos,232,Desenvolvendo Competências e Habilidades na Educação Básica,Desenvolvendo Competências e Habilidades na Educação Básica,196,FOCOS Cursos,880,Módulo 01,O Ensino por Competências e Habilidades.,1714,Apresentação Inicia,90072,
10307,11860,SAS - Focos,232,Desenvolvendo Competências e Habilidades na Educação Básica,Desenvolvendo Competências e Habilidades na Educação Básica,196,FOCOS Cursos,880,Módulo 01,O Ensino por Competências e Habilidades.,1715,"Aula 01 Mas, afinal, é possível ensinar por Competências",90073,
10307,11860,SAS - Focos,232,Desenvolvendo Competências e Habilidades na Educação Básica,Desenvolvendo Competências e Habilidades na Educação Básica,196,FOCOS Cursos,880,Módulo 01,O Ensino por Competências e Habilidades.,1717,Atividade Aula 01 M1 DCH,,959803
10307,11860,SAS - Focos,232,Desenvolvendo Competências e Habilidades na Educação Básica,Desenvolvendo Competências e Habilidades na Educação Básica,196,FOCOS Cursos,880,Módulo 01,O Ensino por Competências e Habilidades.,1718,Aula 02 BNCC e as orientações para o ensino por competências,90075,
10307,11860,SAS - Focos,232,Desenvolvendo Competências e Habilidades na Educação Básica,Desenvolvendo Competências e Habilidades na Educação Básica,196,FOCOS Cursos,880,Módulo 01,O Ensino por Competências e Habilidades.,1720,Atividade Aula 02 M1 DCH,,959862
10307,11860,SAS - Focos,232,Desenvolvendo Competências e Habilidades na Educação Básica,Desenvolvendo Competências e Habilidades na Educação Básica,196,FOCOS Cursos,880,Módulo 01,O Ensino por Competências e Habilidades.,1721,Aula 03 Como trabalhar as habilidades para desenvolver as competências,90077,
10307,11860,SAS - Focos,232,Desenvolvendo Competências e Habilidades na Educação Básica,Desenvolvendo Competências e Habilidades na Educação Básica,196,FOCOS Cursos,880,Módulo 01,O Ensino por Competências e Habilidades.,1722,Atividade Aula 03 M1 DCH,,959874
10307,11860,SAS - Focos,232,Desenvolvendo Competências e Habilidades na Educação Básica,Desenvolvendo Competências e Habilidades na Educação Básica,196,FOCOS Cursos,880,Módulo 01,O Ensino por Competências e Habilidades.,1723,Aula 04 BNCC no Material SAS,90078,
10307,11860,SAS - Focos,232,Desenvolvendo Competências e Habilidades na Educação Básica,Desenvolvendo Competências e Habilidades na Educação Básica,196,FOCOS Cursos,880,Módulo 01,O Ensino por Competências e Habilidades.,1726,Instrução para a Atividade Final M1 DCH,90079,
10307,11860,SAS - Focos,232,Desenvolvendo Competências e Habilidades na Educação Básica,Desenvolvendo Competências e Habilidades na Educação Básica,196,FOCOS Cursos,880,Módulo 01,O Ensino por Competências e Habilidades.,1728,Atividade Final M1 DCH,,959990
10307,11860,SAS - Focos,232,Desenvolvendo Competências e Habilidades na Educação Básica,Desenvolvendo Competências e Habilidades na Educação Básica,196,FOCOS Cursos,882,Módulo 02,O Papel do Professor no Ensino por Competências,1729,Apresentação Inicial - Módulo 02,90081,
10307,11860,SAS - Focos,232,Desenvolvendo Competências e Habilidades na Educação Básica,Desenvolvendo Competências e Habilidades na Educação Básica,196,FOCOS Cursos,882,Módulo 02,O Papel do Professor no Ensino por Competências,1730,Aula 01 Os principais desafios e a transposição didática  Parte 1,90082,
10307,11860,SAS - Focos,232,Desenvolvendo Competências e Habilidades na Educação Básica,Desenvolvendo Competências e Habilidades na Educação Básica,196,FOCOS Cursos,882,Módulo 02,O Papel do Professor no Ensino por Competências,1731,Aula 01 Os principais desafios e a transposição didática  Parte 2,90083,
10307,11860,SAS - Focos,232,Desenvolvendo Competências e Habilidades na Educação Básica,Desenvolvendo Competências e Habilidades na Educação Básica,196,FOCOS Cursos,882,Módulo 02,O Papel do Professor no Ensino por Competências,1732,Atividade Aula 01 M2 DCH,,960013
10307,11860,SAS - Focos,232,Desenvolvendo Competências e Habilidades na Educação Básica,Desenvolvendo Competências e Habilidades na Educação Básica,196,FOCOS Cursos,882,Módulo 02,O Papel do Professor no Ensino por Competências,1733,"Aula 02 Planejamento, como construí-lo",90107,
10307,11860,SAS - Focos,232,Desenvolvendo Competências e Habilidades na Educação Básica,Desenvolvendo Competências e Habilidades na Educação Básica,196,FOCOS Cursos,882,Módulo 02,O Papel do Professor no Ensino por Competências,1734,Atividade Aula 02 M2 DCH,,960031
10307,11860,SAS - Focos,232,Desenvolvendo Competências e Habilidades na Educação Básica,Desenvolvendo Competências e Habilidades na Educação Básica,196,FOCOS Cursos,882,Módulo 02,O Papel do Professor no Ensino por Competências,1735,Aula 03 Como trabalhar o contrato didático em sala de aula,90108,
10307,11860,SAS - Focos,232,Desenvolvendo Competências e Habilidades na Educação Básica,Desenvolvendo Competências e Habilidades na Educação Básica,196,FOCOS Cursos,882,Módulo 02,O Papel do Professor no Ensino por Competências,1736,Atividade Aula 03 M2 DCH,,960041
10307,11860,SAS - Focos,232,Desenvolvendo Competências e Habilidades na Educação Básica,Desenvolvendo Competências e Habilidades na Educação Básica,196,FOCOS Cursos,882,Módulo 02,O Papel do Professor no Ensino por Competências,1737,Aula 04 Como trabalhar as habilidades sugeridas do material SAS,90119,
10307,11860,SAS - Focos,232,Desenvolvendo Competências e Habilidades na Educação Básica,Desenvolvendo Competências e Habilidades na Educação Básica,196,FOCOS Cursos,882,Módulo 02,O Papel do Professor no Ensino por Competências,1738,10 Ebook Módulo 02,90120,
10307,11860,SAS - Focos,232,Desenvolvendo Competências e Habilidades na Educação Básica,Desenvolvendo Competências e Habilidades na Educação Básica,196,FOCOS Cursos,883,Módulo 03,Desenvolvendo Competências e Habilidades na Educação Infantil.,1739,Apresentação Inicial - Módulo 3,90141,
10307,11860,SAS - Focos,232,Desenvolvendo Competências e Habilidades na Educação Básica,Desenvolvendo Competências e Habilidades na Educação Básica,196,FOCOS Cursos,883,Módulo 03,Desenvolvendo Competências e Habilidades na Educação Infantil.,1740,Aula 01 Desenvolvendo Competências e Habilidades na Educação Infantil,90142,
10307,11860,SAS - Focos,232,Desenvolvendo Competências e Habilidades na Educação Básica,Desenvolvendo Competências e Habilidades na Educação Básica,196,FOCOS Cursos,883,Módulo 03,Desenvolvendo Competências e Habilidades na Educação Infantil.,1741,03 Ebook Módulo 03 - Educação Infantil.pdf,90143,
10307,11860,SAS - Focos,232,Desenvolvendo Competências e Habilidades na Educação Básica,Desenvolvendo Competências e Habilidades na Educação Básica,196,FOCOS Cursos,883,Módulo 03,Desenvolvendo Competências e Habilidades na Educação Infantil.,1742,Atividade Discursiva M3 Educação Infantil,,960071
10307,11860,SAS - Focos,232,Desenvolvendo Competências e Habilidades na Educação Básica,Desenvolvendo Competências e Habilidades na Educação Básica,196,FOCOS Cursos,884,Módulo 3.2,Desenvolvendo Competências e Habilidades nos Anos Iniciais.,1743,Aula 02 Desenvolvendo Competencias e Habilidades no Fundamental Anos Iniciais - Parte1,90144,
10307,11860,SAS - Focos,232,Desenvolvendo Competências e Habilidades na Educação Básica,Desenvolvendo Competências e Habilidades na Educação Básica,196,FOCOS Cursos,884,Módulo 3.2,Desenvolvendo Competências e Habilidades nos Anos Iniciais.,1744,Aula 02 Desenvolvendo Competências e Habilidades no Fundamental Anos Iniciais - Parte2,90145,
10307,11860,SAS - Focos,232,Desenvolvendo Competências e Habilidades na Educação Básica,Desenvolvendo Competências e Habilidades na Educação Básica,196,FOCOS Cursos,884,Módulo 3.2,Desenvolvendo Competências e Habilidades nos Anos Iniciais.,1745,Ebook Módulo 03 - Anos Iniciais,90146,
10307,11860,SAS - Focos,232,Desenvolvendo Competências e Habilidades na Educação Básica,Desenvolvendo Competências e Habilidades na Educação Básica,196,FOCOS Cursos,884,Módulo 3.2,Desenvolvendo Competências e Habilidades nos Anos Iniciais.,1747,Atividade Discursiva M3 Anos Iniciais,,960097
10307,11860,SAS - Focos,232,Desenvolvendo Competências e Habilidades na Educação Básica,Desenvolvendo Competências e Habilidades na Educação Básica,196,FOCOS Cursos,885,Módulo 3.3,Módulo 3 Desenvolvendo Competências e Habilidades nos Anos Finais,1748,Aula 03 Desenvolvendo Competências e Habilidades no Fundamental Anos Finais,90151,
10307,11860,SAS - Focos,232,Desenvolvendo Competências e Habilidades na Educação Básica,Desenvolvendo Competências e Habilidades na Educação Básica,196,FOCOS Cursos,885,Módulo 3.3,Módulo 3 Desenvolvendo Competências e Habilidades nos Anos Finais,1749,Ebook Módulo 03 - Anos Finais,90192,
10307,11860,SAS - Focos,232,Desenvolvendo Competências e Habilidades na Educação Básica,Desenvolvendo Competências e Habilidades na Educação Básica,196,FOCOS Cursos,885,Módulo 3.3,Módulo 3 Desenvolvendo Competências e Habilidades nos Anos Finais,1750,Atividade Discursiva M3 Anos Finais,,960136
10307,11860,SAS - Focos,232,Desenvolvendo Competências e Habilidades na Educação Básica,Desenvolvendo Competências e Habilidades na Educação Básica,196,FOCOS Cursos,886,Módulo 3.4,Desenvolvendo Competências e Habilidades no Ensino Médio,1751,Aula 04 Desenvolvendo Competências e Habilidades no Ensino Médio - Parte 1,90223,
10307,11860,SAS - Focos,232,Desenvolvendo Competências e Habilidades na Educação Básica,Desenvolvendo Competências e Habilidades na Educação Básica,196,FOCOS Cursos,886,Módulo 3.4,Desenvolvendo Competências e Habilidades no Ensino Médio,1752,Aula 04 Desenvolvendo Competências e Habilidades no Ensino Médio - Parte 2,90224,
10307,11860,SAS - Focos,232,Desenvolvendo Competências e Habilidades na Educação Básica,Desenvolvendo Competências e Habilidades na Educação Básica,196,FOCOS Cursos,886,Módulo 3.4,Desenvolvendo Competências e Habilidades no Ensino Médio,1753,Ebook M3 Ensino Médio,90225,
10307,11860,SAS - Focos,232,Desenvolvendo Competências e Habilidades na Educação Básica,Desenvolvendo Competências e Habilidades na Educação Básica,196,FOCOS Cursos,886,Módulo 3.4,Desenvolvendo Competências e Habilidades no Ensino Médio,1766,Atividade Discursiva M3 Ensino Médio,,960236
10307,11860,SAS - Focos,232,Desenvolvendo Competências e Habilidades na Educação Básica,Desenvolvendo Competências e Habilidades na Educação Básica,196,FOCOS Cursos,887,Pesquisa de Satisfação,Vamos avaliar o curso?,1767,Pesquisa de Satisfação,90238,
10307,11860,SAS - Focos,233,Socioemocional,Socioemocional,196,FOCOS Cursos,795,Módulo 01,teste,1392,NPS curso de avaliações,,952476
10307,11860,SAS - Focos,251,Formação Projeto de Vida,Formação Projeto de Vida,196,FOCOS Cursos,823,Módulo 01,Projeto de Vida,1486,Aula 01: A formação em educação socioemocional e projeto de vida,89714,
10307,11860,SAS - Focos,251,Formação Projeto de Vida,Formação Projeto de Vida,196,FOCOS Cursos,823,Módulo 01,Projeto de Vida,1487,Ebook 01 - Educação Socioemocional e projeto de vida,87266,
10307,11860,SAS - Focos,251,Formação Projeto de Vida,Formação Projeto de Vida,196,FOCOS Cursos,823,Módulo 01,Projeto de Vida,1488,Aula 02: A importância do projeto de vida no novo Ensino Médio,89715,
10307,11860,SAS - Focos,251,Formação Projeto de Vida,Formação Projeto de Vida,196,FOCOS Cursos,823,Módulo 01,Projeto de Vida,1489,Apresentação Módulo 01,89716,
10307,11860,SAS - Focos,251,Formação Projeto de Vida,Formação Projeto de Vida,196,FOCOS Cursos,823,Módulo 01,Projeto de Vida,1490,Ebook: O papel do projeto de vida no novo ensino médio.pdf,89531,
10307,11860,SAS - Focos,251,Formação Projeto de Vida,Formação Projeto de Vida,196,FOCOS Cursos,823,Módulo 01,Projeto de Vida,1491,"Aula 03: Projeto de vida, metodologias ativas e modelos híbridos de ensino-aprendizagem",89717,
10307,11860,SAS - Focos,251,Formação Projeto de Vida,Formação Projeto de Vida,196,FOCOS Cursos,823,Módulo 01,Projeto de Vida,1492,Ebook Aula 03 Módulo 01 - Metodologias ativas e modelos híbridos (1).pdf,89534,
10307,11860,SAS - Focos,251,Formação Projeto de Vida,Formação Projeto de Vida,196,FOCOS Cursos,823,Módulo 01,Projeto de Vida,1493,Atividade Aula 01 Módulo 01 Projeto de Vida,,950038
10307,11860,SAS - Focos,251,Formação Projeto de Vida,Formação Projeto de Vida,196,FOCOS Cursos,823,Módulo 01,Projeto de Vida,1594,Atividade Aula 02 Módulo 01 Projeto de Vida,,955454
10307,11860,SAS - Focos,251,Formação Projeto de Vida,Formação Projeto de Vida,196,FOCOS Cursos,823,Módulo 01,Projeto de Vida,1595,Atividade Aula 03 Módulo 01 Projeto de Vida,,955524
10307,11860,SAS - Focos,251,Formação Projeto de Vida,Formação Projeto de Vida,196,FOCOS Cursos,824,Bem-vindo à formação do Projeto de Vida,Vamos começar?,1496,Bem-vindo à formação do Projeto de Vida,89718,
10307,11860,SAS - Focos,251,Formação Projeto de Vida,Formação Projeto de Vida,196,FOCOS Cursos,825,Módulo 02,Projeto de Vida,1497,Apresentação - Módulo 02,89719,
10307,11860,SAS - Focos,251,Formação Projeto de Vida,Formação Projeto de Vida,196,FOCOS Cursos,825,Módulo 02,Projeto de Vida,1498,Aula 01: A dimensão afetiva das práticas pedagógicas,89720,
10307,11860,SAS - Focos,251,Formação Projeto de Vida,Formação Projeto de Vida,196,FOCOS Cursos,825,Módulo 02,Projeto de Vida,1499,Ebook Aula 01 A afetividade no processo de aprendizado.pdf,89557,
10307,11860,SAS - Focos,251,Formação Projeto de Vida,Formação Projeto de Vida,196,FOCOS Cursos,825,Módulo 02,Projeto de Vida,1501,Aula 02: Neurociência das emoções e aprendizagem,89721,
10307,11860,SAS - Focos,251,Formação Projeto de Vida,Formação Projeto de Vida,196,FOCOS Cursos,825,Módulo 02,Projeto de Vida,1502,Ebook Aula 02 Neurociência das emoções e aprendizagem.pdf,89564,
10307,11860,SAS - Focos,251,Formação Projeto de Vida,Formação Projeto de Vida,196,FOCOS Cursos,825,Módulo 02,Projeto de Vida,1503,"Aula 03: Inteligência Emocional, Psicologia Positiva e Mediação de Conflitos",89722,
10307,11860,SAS - Focos,251,Formação Projeto de Vida,Formação Projeto de Vida,196,FOCOS Cursos,825,Módulo 02,Projeto de Vida,1504,"Ebook Aula 03 Inteligência Emocional, Psicologia Positiva e Mediação de Conflitos.pdf",89566,
10307,11860,SAS - Focos,251,Formação Projeto de Vida,Formação Projeto de Vida,196,FOCOS Cursos,825,Módulo 02,Projeto de Vida,1596,Atividade Aula 01 Módulo 02 Projeto de Vida,,955575
10307,11860,SAS - Focos,251,Formação Projeto de Vida,Formação Projeto de Vida,196,FOCOS Cursos,825,Módulo 02,Projeto de Vida,1599,Atividade Aula 03 Módulo 02 Projeto de Vida,,955727
10307,11860,SAS - Focos,251,Formação Projeto de Vida,Formação Projeto de Vida,196,FOCOS Cursos,825,Módulo 02,Projeto de Vida,1600,Atividade Aula 02 Módulo 02 Projeto de Vida,,955764
10307,11860,SAS - Focos,252,Língua Portuguesa - Novo Ensino Médio,Língua Portuguesa - Novo Ensino Médio,196,FOCOS Cursos,826,Módulo 01,Bem vindo(a)!! Vamos começar?,1507,Boas-vindas - Orientações Iniciais!,89723,
10307,11860,SAS - Focos,252,Língua Portuguesa - Novo Ensino Médio,Língua Portuguesa - Novo Ensino Médio,196,FOCOS Cursos,826,Módulo 01,Bem vindo(a)!! Vamos começar?,1573,Vídeo 01 Novo Ensino Médio - Língua Portuguesa - 1ª série.,89800,
10307,11860,SAS - Focos,252,Língua Portuguesa - Novo Ensino Médio,Língua Portuguesa - Novo Ensino Médio,196,FOCOS Cursos,827,Módulo 02,Livro do professor,1508,Vídeo 02 Livro do professor,89724,
10307,11860,SAS - Focos,252,Língua Portuguesa - Novo Ensino Médio,Língua Portuguesa - Novo Ensino Médio,196,FOCOS Cursos,828,Módulo 03,"Campos de atuação, eixos, campo da vida pessoal",1509,"Vídeo 03 Campos de atuação, eixos, campo da vida pessoal",89725,
10307,11860,SAS - Focos,252,Língua Portuguesa - Novo Ensino Médio,Língua Portuguesa - Novo Ensino Médio,196,FOCOS Cursos,829,Módulo 04,Gêneros x tipos textuais,1510,Vídeo 04 Gêneros x tipos textuais,89726,
10307,11860,SAS - Focos,252,Língua Portuguesa - Novo Ensino Médio,Língua Portuguesa - Novo Ensino Médio,196,FOCOS Cursos,830,Módulo 05,Gêneros digitais,1511,Vídeo 05 Gêneros digitais,89727,
10307,11860,SAS - Focos,252,Língua Portuguesa - Novo Ensino Médio,Língua Portuguesa - Novo Ensino Médio,196,FOCOS Cursos,831,Módulo 06,Lista de checagem do processo de reescrita,1512,Vídeo 06 Lista de checagem do processo de reescrita,89728,
10307,11860,SAS - Focos,253,Trilha do Ensino Híbrido,Trilha do Ensino Híbrido,196,FOCOS Cursos,832,Módulo 01,Bem vindo(a)!! Vamos começar?,1513,Aula 01 Conceito,89729,
10307,11860,SAS - Focos,253,Trilha do Ensino Híbrido,Trilha do Ensino Híbrido,196,FOCOS Cursos,832,Módulo 01,Bem vindo(a)!! Vamos começar?,1574,Boas-vindas - Orientações Iniciais Trilha do Ensino Híbrido,89801,
10307,11860,SAS - Focos,253,Trilha do Ensino Híbrido,Trilha do Ensino Híbrido,196,FOCOS Cursos,832,Módulo 01,Bem vindo(a)!! Vamos começar?,1654,Módulo 01 - Material de Apoio,90050,
10307,11860,SAS - Focos,253,Trilha do Ensino Híbrido,Trilha do Ensino Híbrido,196,FOCOS Cursos,832,Módulo 01,Bem vindo(a)!! Vamos começar?,1677,Como funciona a escola no modelo Virtual Aprimorado - Material Complementar,90051,
10307,11860,SAS - Focos,253,Trilha do Ensino Híbrido,Trilha do Ensino Híbrido,196,FOCOS Cursos,832,Módulo 01,Bem vindo(a)!! Vamos começar?,1679,Atividade Módulo 01 - Prática para Gestores,90052,
10307,11860,SAS - Focos,253,Trilha do Ensino Híbrido,Trilha do Ensino Híbrido,196,FOCOS Cursos,832,Módulo 01,Bem vindo(a)!! Vamos começar?,1691,Atividade Módulo 01 - Prática para Docentes,90055,
10307,11860,SAS - Focos,253,Trilha do Ensino Híbrido,Trilha do Ensino Híbrido,196,FOCOS Cursos,833,Módulo 02,Organização,1515,Aula 02 Organização,89730,
10307,11860,SAS - Focos,253,Trilha do Ensino Híbrido,Trilha do Ensino Híbrido,196,FOCOS Cursos,833,Módulo 02,Organização,1516,Ebook e Certificado Módulo 02,89643,
10307,11860,SAS - Focos,253,Trilha do Ensino Híbrido,Trilha do Ensino Híbrido,196,FOCOS Cursos,834,Módulo 03,Planejamento,1517,Aula 03 Planejamento,89731,
10307,11860,SAS - Focos,253,Trilha do Ensino Híbrido,Trilha do Ensino Híbrido,196,FOCOS Cursos,834,Módulo 03,Planejamento,1518,Ebook e Certificado Módulo 03,89645,
10307,11860,SAS - Focos,253,Trilha do Ensino Híbrido,Trilha do Ensino Híbrido,196,FOCOS Cursos,835,Módulo 04,Implementação,1519,01 Implementação,89732,
10307,11860,SAS - Focos,253,Trilha do Ensino Híbrido,Trilha do Ensino Híbrido,196,FOCOS Cursos,835,Módulo 04,Implementação,1520,Ebook e Certificação Módulo 04,89647,
10307,11860,SAS - Focos,254,Novo Ensino Médio para Gestores,Novo Ensino Médio para Gestores,196,FOCOS Cursos,836,Embarque - Sua jornada começa aqui,Bem-vindo(a)! Vamos começar?,1522,Aula 02 Introdução ao Contexto do Novo Ensino Médio,89734,
10307,11860,SAS - Focos,254,Novo Ensino Médio para Gestores,Novo Ensino Médio para Gestores,196,FOCOS Cursos,836,Embarque - Sua jornada começa aqui,Bem-vindo(a)! Vamos começar?,1572,Aula 01 O que o professor e gestor devem esperar do curso,89799,
10307,11860,SAS - Focos,254,Novo Ensino Médio para Gestores,Novo Ensino Médio para Gestores,196,FOCOS Cursos,836,Embarque - Sua jornada começa aqui,Bem-vindo(a)! Vamos começar?,1967,Como navegar na plataforma,91357,
10307,11860,SAS - Focos,254,Novo Ensino Médio para Gestores,Novo Ensino Médio para Gestores,196,FOCOS Cursos,836,Embarque - Sua jornada começa aqui,Bem-vindo(a)! Vamos começar?,2112,Objetivos de Aprendizagem,91591,
10307,11860,SAS - Focos,254,Novo Ensino Médio para Gestores,Novo Ensino Médio para Gestores,196,FOCOS Cursos,836,Embarque - Sua jornada começa aqui,Bem-vindo(a)! Vamos começar?,2117,Ementa do curso,91891,
10307,11860,SAS - Focos,254,Novo Ensino Médio para Gestores,Novo Ensino Médio para Gestores,196,FOCOS Cursos,836,Embarque - Sua jornada começa aqui,Bem-vindo(a)! Vamos começar?,2118,Conteúdo Programático,91906,
10307,11860,SAS - Focos,254,Novo Ensino Médio para Gestores,Novo Ensino Médio para Gestores,196,FOCOS Cursos,836,Embarque - Sua jornada começa aqui,Bem-vindo(a)! Vamos começar?,2123,Bem vindo(a) ao Curso!,92050,
10307,11860,SAS - Focos,254,Novo Ensino Médio para Gestores,Novo Ensino Médio para Gestores,196,FOCOS Cursos,837,Módulo 01,Novo Ensino Médio: Conceitos e Estrutura,1523,Aula 01 Por que um Novo Ensino Médio,89735,
10307,11860,SAS - Focos,254,Novo Ensino Médio para Gestores,Novo Ensino Médio para Gestores,196,FOCOS Cursos,837,Módulo 01,Novo Ensino Médio: Conceitos e Estrutura,1524,"Aula 02 FGB (BNCC, competências e habilidades) e Itinerários Formativos",89736,
10307,11860,SAS - Focos,254,Novo Ensino Médio para Gestores,Novo Ensino Médio para Gestores,196,FOCOS Cursos,837,Módulo 01,Novo Ensino Médio: Conceitos e Estrutura,1525,Aula 03 Projeto de Vida,89737,
10307,11860,SAS - Focos,254,Novo Ensino Médio para Gestores,Novo Ensino Médio para Gestores,196,FOCOS Cursos,837,Módulo 01,Novo Ensino Médio: Conceitos e Estrutura,1526,Aula 04 Novo Ensino Médio e a EAD,89738,
10307,11860,SAS - Focos,254,Novo Ensino Médio para Gestores,Novo Ensino Médio para Gestores,196,FOCOS Cursos,837,Módulo 01,Novo Ensino Médio: Conceitos e Estrutura,1527,Ebook Marcos Legais Novo Ensino Médio,89601,
10307,11860,SAS - Focos,254,Novo Ensino Médio para Gestores,Novo Ensino Médio para Gestores,196,FOCOS Cursos,837,Módulo 01,Novo Ensino Médio: Conceitos e Estrutura,1528,Ebook Módulo 01 - Carga Horária do Novo Ensino Médio,89602,
10307,11860,SAS - Focos,254,Novo Ensino Médio para Gestores,Novo Ensino Médio para Gestores,196,FOCOS Cursos,837,Módulo 01,Novo Ensino Médio: Conceitos e Estrutura,1529,Autoavaliação e Call to action Módulo 01,89603,
10307,11860,SAS - Focos,254,Novo Ensino Médio para Gestores,Novo Ensino Médio para Gestores,196,FOCOS Cursos,837,Módulo 01,Novo Ensino Médio: Conceitos e Estrutura,1971,Atividade Módulo 01 Novo Ensino Médio,,992935
10307,11860,SAS - Focos,254,Novo Ensino Médio para Gestores,Novo Ensino Médio para Gestores,196,FOCOS Cursos,837,Módulo 01,Novo Ensino Médio: Conceitos e Estrutura,1984,Atividade Orientações prévias,91443,
10307,11860,SAS - Focos,254,Novo Ensino Médio para Gestores,Novo Ensino Médio para Gestores,196,FOCOS Cursos,837,Módulo 01,Novo Ensino Médio: Conceitos e Estrutura,2125,Pesquisa de satisfação módulo Novo Ensino Médio: Conceitos e Estrutura,92098,
10307,11860,SAS - Focos,254,Novo Ensino Médio para Gestores,Novo Ensino Médio para Gestores,196,FOCOS Cursos,837,Módulo 01,Novo Ensino Médio: Conceitos e Estrutura,2126,Informações importantes para certificação,92101,
10307,11860,SAS - Focos,254,Novo Ensino Médio para Gestores,Novo Ensino Médio para Gestores,196,FOCOS Cursos,838,Módulo 02,Itinerários Formativos: Visão Geral,1531,Aula 01 Objetivo dos Itinerários Formativos,89739,
10307,11860,SAS - Focos,254,Novo Ensino Médio para Gestores,Novo Ensino Médio para Gestores,196,FOCOS Cursos,838,Módulo 02,Itinerários Formativos: Visão Geral,1532,Aula 02 Protagonismo dos Estudantes no  Novo Ensino Médio,89740,
10307,11860,SAS - Focos,254,Novo Ensino Médio para Gestores,Novo Ensino Médio para Gestores,196,FOCOS Cursos,838,Módulo 02,Itinerários Formativos: Visão Geral,1533,"Aula 03 Parte diversificada - Ciclo comum, eletivas e trilhas formativas",89741,
10307,11860,SAS - Focos,254,Novo Ensino Médio para Gestores,Novo Ensino Médio para Gestores,196,FOCOS Cursos,838,Módulo 02,Itinerários Formativos: Visão Geral,1534,Ebook Módulo 02 - O que esperar dos estudantes,89608,
10307,11860,SAS - Focos,254,Novo Ensino Médio para Gestores,Novo Ensino Médio para Gestores,196,FOCOS Cursos,838,Módulo 02,Itinerários Formativos: Visão Geral,1535,Autoavaliação e Call to action Módulo 02,89609,
10307,11860,SAS - Focos,254,Novo Ensino Médio para Gestores,Novo Ensino Médio para Gestores,196,FOCOS Cursos,838,Módulo 02,Itinerários Formativos: Visão Geral,1980,Atividade Módulo 02 Novo Ensino Médio,,993105
10307,11860,SAS - Focos,254,Novo Ensino Médio para Gestores,Novo Ensino Médio para Gestores,196,FOCOS Cursos,838,Módulo 02,Itinerários Formativos: Visão Geral,1985,Atividade Orientações prévias,91445,
10307,11860,SAS - Focos,254,Novo Ensino Médio para Gestores,Novo Ensino Médio para Gestores,196,FOCOS Cursos,838,Módulo 02,Itinerários Formativos: Visão Geral,2114,Pesquisa de satisfação módulo Itinerários Formativos - Visão Geral,91882,
10307,11860,SAS - Focos,254,Novo Ensino Médio para Gestores,Novo Ensino Médio para Gestores,196,FOCOS Cursos,838,Módulo 02,Itinerários Formativos: Visão Geral,2127,Informações importantes para certificação,92103,
10307,11860,SAS - Focos,254,Novo Ensino Médio para Gestores,Novo Ensino Médio para Gestores,196,FOCOS Cursos,839,Módulo 03,Itinerários Formativos: Aprofundamento,1537,Aula 01 Competências do século XXI e preparação para o mundo do trabalho,89742,
10307,11860,SAS - Focos,254,Novo Ensino Médio para Gestores,Novo Ensino Médio para Gestores,196,FOCOS Cursos,839,Módulo 03,Itinerários Formativos: Aprofundamento,1538,Aula 02 Referenciais Curriculares para a Elaboração de Itinerários Formativos,89743,
10307,11860,SAS - Focos,254,Novo Ensino Médio para Gestores,Novo Ensino Médio para Gestores,196,FOCOS Cursos,839,Módulo 03,Itinerários Formativos: Aprofundamento,1543,Autoavaliação e Call to action Módulo 03,89621,
10307,11860,SAS - Focos,254,Novo Ensino Médio para Gestores,Novo Ensino Médio para Gestores,196,FOCOS Cursos,839,Módulo 03,Itinerários Formativos: Aprofundamento,1982,Atividade Módulo 03 - Novo Ensino Médio,,993256
10307,11860,SAS - Focos,254,Novo Ensino Médio para Gestores,Novo Ensino Médio para Gestores,196,FOCOS Cursos,839,Módulo 03,Itinerários Formativos: Aprofundamento,1987,Atividade Orientações Prévias,91456,
10307,11860,SAS - Focos,254,Novo Ensino Médio para Gestores,Novo Ensino Médio para Gestores,196,FOCOS Cursos,839,Módulo 03,Itinerários Formativos: Aprofundamento,1989,Aula 03 Como o professor pode comunicar os itinerários formativos para os alunos,91458,
10307,11860,SAS - Focos,254,Novo Ensino Médio para Gestores,Novo Ensino Médio para Gestores,196,FOCOS Cursos,839,Módulo 03,Itinerários Formativos: Aprofundamento,1990,Aula 04 Como preparar a comunicação sobre os Itinerários Formativos para pais e comunidade escolar,91459,
10307,11860,SAS - Focos,254,Novo Ensino Médio para Gestores,Novo Ensino Médio para Gestores,196,FOCOS Cursos,839,Módulo 03,Itinerários Formativos: Aprofundamento,1993,Ebook Módulo 03 - Projeto de Vida e Itinerários Formativos,91465,
10307,11860,SAS - Focos,254,Novo Ensino Médio para Gestores,Novo Ensino Médio para Gestores,196,FOCOS Cursos,839,Módulo 03,Itinerários Formativos: Aprofundamento,2115,Pesquisa de satisfação módulo Itinerários Formativos - Aprofundamento,91886,
10307,11860,SAS - Focos,254,Novo Ensino Médio para Gestores,Novo Ensino Médio para Gestores,196,FOCOS Cursos,839,Módulo 03,Itinerários Formativos: Aprofundamento,2128,Informações importantes para certificação,92107,
10307,11860,SAS - Focos,254,Novo Ensino Médio para Gestores,Novo Ensino Médio para Gestores,196,FOCOS Cursos,839,Módulo 03,Itinerários Formativos: Aprofundamento,2129,Aula 04 Baixe aqui a Apresentação Editável,92277,
10307,11860,SAS - Focos,254,Novo Ensino Médio para Gestores,Novo Ensino Médio para Gestores,196,FOCOS Cursos,839,Módulo 03,Itinerários Formativos: Aprofundamento,2130,Aula 03 Baixe aqui a Apresentação Editável,92282,
10307,11860,SAS - Focos,291,Avaliação da Aprendizagem Escolar,Avaliação da Aprendizagem Escolar,196,FOCOS Cursos,1001,Bem-vindo(a) ao Curso!,Vamos começar?,2046,Como navegar na plataforma,91356,
10307,11860,SAS - Focos,291,Avaliação da Aprendizagem Escolar,Avaliação da Aprendizagem Escolar,196,FOCOS Cursos,1001,Bem-vindo(a) ao Curso!,Vamos começar?,2047,Bem-vindo(a) ao Curso Avaliação da Aprendizagem Escolar,91359,
10307,11860,SAS - Focos,291,Avaliação da Aprendizagem Escolar,Avaliação da Aprendizagem Escolar,196,FOCOS Cursos,1001,Bem-vindo(a) ao Curso!,Vamos começar?,2048,Ementa,91467,
10307,11860,SAS - Focos,291,Avaliação da Aprendizagem Escolar,Avaliação da Aprendizagem Escolar,196,FOCOS Cursos,1001,Bem-vindo(a) ao Curso!,Vamos começar?,2049,Conteúdo Programático,91468,
10307,11860,SAS - Focos,291,Avaliação da Aprendizagem Escolar,Avaliação da Aprendizagem Escolar,196,FOCOS Cursos,1001,Bem-vindo(a) ao Curso!,Vamos começar?,2175,Participe do canal exclusivo do curso,92668,
10307,11860,SAS - Focos,291,Avaliação da Aprendizagem Escolar,Avaliação da Aprendizagem Escolar,196,FOCOS Cursos,1002,Módulo 01,Avaliar para quê?,2050,Aula 01 Introdução,91502,
10307,11860,SAS - Focos,291,Avaliação da Aprendizagem Escolar,Avaliação da Aprendizagem Escolar,196,FOCOS Cursos,1002,Módulo 01,Avaliar para quê?,2051,Aula 02 Competências do professor para avaliar,91503,
10307,11860,SAS - Focos,291,Avaliação da Aprendizagem Escolar,Avaliação da Aprendizagem Escolar,196,FOCOS Cursos,1002,Módulo 01,Avaliar para quê?,2052,Aula 03 Roda do Autoconhecimento,91504,
10307,11860,SAS - Focos,291,Avaliação da Aprendizagem Escolar,Avaliação da Aprendizagem Escolar,196,FOCOS Cursos,1002,Módulo 01,Avaliar para quê?,2053,Módulo 01 - Material de Apoio - apresentação dos palestrantes,89946,
10307,11860,SAS - Focos,291,Avaliação da Aprendizagem Escolar,Avaliação da Aprendizagem Escolar,196,FOCOS Cursos,1003,Roda do Autoconhecimento 01,Entenda como está seu conhecimento sobre a temática do curso.,2054,Roda do Autoconhecimento: Orientações Prévias,90492,
10307,11860,SAS - Focos,291,Avaliação da Aprendizagem Escolar,Avaliação da Aprendizagem Escolar,196,FOCOS Cursos,1003,Roda do Autoconhecimento 01,Entenda como está seu conhecimento sobre a temática do curso.,2055,Atividade Roda do Autoconhecimento 01 - upload imagem,,964232
10307,11860,SAS - Focos,291,Avaliação da Aprendizagem Escolar,Avaliação da Aprendizagem Escolar,196,FOCOS Cursos,1004,Módulo 02,Como avaliar? Avaliação e seus contextos.,2056,Aula 01 Como avaliar?,91505,
10307,11860,SAS - Focos,291,Avaliação da Aprendizagem Escolar,Avaliação da Aprendizagem Escolar,196,FOCOS Cursos,1004,Módulo 02,Como avaliar? Avaliação e seus contextos.,2057,Aula 02 Avaliação Diagnóstica,91506,
10307,11860,SAS - Focos,291,Avaliação da Aprendizagem Escolar,Avaliação da Aprendizagem Escolar,196,FOCOS Cursos,1004,Módulo 02,Como avaliar? Avaliação e seus contextos.,2058,Aula 03 Avaliação Formativa,91507,
10307,11860,SAS - Focos,291,Avaliação da Aprendizagem Escolar,Avaliação da Aprendizagem Escolar,196,FOCOS Cursos,1004,Módulo 02,Como avaliar? Avaliação e seus contextos.,2059,Aula 04 Avaliação Somativa,91508,
10307,11860,SAS - Focos,291,Avaliação da Aprendizagem Escolar,Avaliação da Aprendizagem Escolar,196,FOCOS Cursos,1004,Módulo 02,Como avaliar? Avaliação e seus contextos.,2060,Aula 05 Como elaborar?,91509,
10307,11860,SAS - Focos,291,Avaliação da Aprendizagem Escolar,Avaliação da Aprendizagem Escolar,196,FOCOS Cursos,1004,Módulo 02,Como avaliar? Avaliação e seus contextos.,2061,Infográfico - Como avaliar? Avaliação e seus contextos.,89425,
10307,11860,SAS - Focos,291,Avaliação da Aprendizagem Escolar,Avaliação da Aprendizagem Escolar,196,FOCOS Cursos,1004,Módulo 02,Como avaliar? Avaliação e seus contextos.,2062,Atividade Módulo 02: Orientações prévias,91510,
10307,11860,SAS - Focos,291,Avaliação da Aprendizagem Escolar,Avaliação da Aprendizagem Escolar,196,FOCOS Cursos,1004,Módulo 02,Como avaliar? Avaliação e seus contextos.,2063,Módulo 02 - Material de Apoio - apresentação dos palestrantes,89947,
10307,11860,SAS - Focos,291,Avaliação da Aprendizagem Escolar,Avaliação da Aprendizagem Escolar,196,FOCOS Cursos,1004,Módulo 02,Como avaliar? Avaliação e seus contextos.,2064,Atividade Módulo 02 - Avaliação da Aprendizagem Escolar,,994863
10307,11860,SAS - Focos,291,Avaliação da Aprendizagem Escolar,Avaliação da Aprendizagem Escolar,196,FOCOS Cursos,1005,Módulo 03,O que fazer com os resultados?,2065,Aula 01 Como registrar os resultados e o que fazer com os resultados e dados obtidos pelas avaliações,91511,
10307,11860,SAS - Focos,291,Avaliação da Aprendizagem Escolar,Avaliação da Aprendizagem Escolar,196,FOCOS Cursos,1005,Módulo 03,O que fazer com os resultados?,2066,Aula 02 Planejamento e definição dos objetivos de aprendizagem a partir dos resultados obtidos,91512,
10307,11860,SAS - Focos,291,Avaliação da Aprendizagem Escolar,Avaliação da Aprendizagem Escolar,196,FOCOS Cursos,1005,Módulo 03,O que fazer com os resultados?,2067,Aula 03 Como dar devolutivas aos alunos (feedbacks e estratégias para devolução),91513,
10307,11860,SAS - Focos,291,Avaliação da Aprendizagem Escolar,Avaliação da Aprendizagem Escolar,196,FOCOS Cursos,1005,Módulo 03,O que fazer com os resultados?,2068,Ebook Módulo 03,89527,
10307,11860,SAS - Focos,291,Avaliação da Aprendizagem Escolar,Avaliação da Aprendizagem Escolar,196,FOCOS Cursos,1005,Módulo 03,O que fazer com os resultados?,2069,Atividade Módulo 03: Orientações previas,91514,
10307,11860,SAS - Focos,291,Avaliação da Aprendizagem Escolar,Avaliação da Aprendizagem Escolar,196,FOCOS Cursos,1005,Módulo 03,O que fazer com os resultados?,2070,Módulo 03 - Material de Apoio - apresentação dos palestrantes,89952,
10307,11860,SAS - Focos,291,Avaliação da Aprendizagem Escolar,Avaliação da Aprendizagem Escolar,196,FOCOS Cursos,1005,Módulo 03,O que fazer com os resultados?,2071,Aula 04 Boas práticas para avaliações nas escolas - Parte I,90521,
10307,11860,SAS - Focos,291,Avaliação da Aprendizagem Escolar,Avaliação da Aprendizagem Escolar,196,FOCOS Cursos,1005,Módulo 03,O que fazer com os resultados?,2072,Aula 05 Boas práticas para avaliações nas escolas - Parte II,90526,
10307,11860,SAS - Focos,291,Avaliação da Aprendizagem Escolar,Avaliação da Aprendizagem Escolar,196,FOCOS Cursos,1005,Módulo 03,O que fazer com os resultados?,2073,Agora falta pouco para sua certificação. Vamos juntos?,91455,
10307,11860,SAS - Focos,291,Avaliação da Aprendizagem Escolar,Avaliação da Aprendizagem Escolar,196,FOCOS Cursos,1005,Módulo 03,O que fazer com os resultados?,2091,Atividade Módulo 03 - Avaliação da Aprendizagem Escolar,,994995
10307,11860,SAS - Focos,291,Avaliação da Aprendizagem Escolar,Avaliação da Aprendizagem Escolar,196,FOCOS Cursos,1006,Módulo 04 - Ensino Médio,Mergulhando fundo: Avaliação e o Ensino Médio,2074,Aula 04 Avaliação no Ensino Médio,91515,
10307,11860,SAS - Focos,291,Avaliação da Aprendizagem Escolar,Avaliação da Aprendizagem Escolar,196,FOCOS Cursos,1006,Módulo 04 - Ensino Médio,Mergulhando fundo: Avaliação e o Ensino Médio,2075,Atividade Módulo 04 Ensino Médio: Orientações prévias,91516,
10307,11860,SAS - Focos,291,Avaliação da Aprendizagem Escolar,Avaliação da Aprendizagem Escolar,196,FOCOS Cursos,1006,Módulo 04 - Ensino Médio,Mergulhando fundo: Avaliação e o Ensino Médio,2076,Módulo 04 Ensino Médio - Material de Apoio - apresentação dos palestrantes,90015,
10307,11860,SAS - Focos,291,Avaliação da Aprendizagem Escolar,Avaliação da Aprendizagem Escolar,196,FOCOS Cursos,1006,Módulo 04 - Ensino Médio,Mergulhando fundo: Avaliação e o Ensino Médio,2093,Atividade Ensino Médio- Avaliação da Aprendizagem Escolar,,959053
10307,11860,SAS - Focos,291,Avaliação da Aprendizagem Escolar,Avaliação da Aprendizagem Escolar,196,FOCOS Cursos,1007,Como foi sua experiência no curso Avaliação da Aprendizagem Escolar?,Pesquisa de Satisfação,2077,Acesse aqui a nossa Pesquisa de Satisfação,90534,
10307,11860,SAS - Focos,291,Avaliação da Aprendizagem Escolar,Avaliação da Aprendizagem Escolar,196,FOCOS Cursos,1008,Roda do Autoconhecimento 02,Entenda como está seu conhecimento sobre a temática do curso.,2078,Roda do Autoconhecimento: Orientações Prévias,90527,
10307,11860,SAS - Focos,291,Avaliação da Aprendizagem Escolar,Avaliação da Aprendizagem Escolar,196,FOCOS Cursos,1008,Roda do Autoconhecimento 02,Entenda como está seu conhecimento sobre a temática do curso.,2079,Atividade Roda do Autoconhecimento 02 - upload imagem,,966451
10307,11860,SAS - Focos,291,Avaliação da Aprendizagem Escolar,Avaliação da Aprendizagem Escolar,196,FOCOS Cursos,1009,Módulo 04 - Educação Infantil,Mergulhando fundo: Avaliação e a Educação Infantil,2080,Aula 01 Avaliação na Educação Infantil,91517,
10307,11860,SAS - Focos,291,Avaliação da Aprendizagem Escolar,Avaliação da Aprendizagem Escolar,196,FOCOS Cursos,1009,Módulo 04 - Educação Infantil,Mergulhando fundo: Avaliação e a Educação Infantil,2081,Atividade Módulo 04 Educação Infantil: Orientações prévias,91518,
10307,11860,SAS - Focos,291,Avaliação da Aprendizagem Escolar,Avaliação da Aprendizagem Escolar,196,FOCOS Cursos,1009,Módulo 04 - Educação Infantil,Mergulhando fundo: Avaliação e a Educação Infantil,2082,Módulo 04 EI - Material de Apoio - apresentação dos palestrantes,89953,
10307,11860,SAS - Focos,291,Avaliação da Aprendizagem Escolar,Avaliação da Aprendizagem Escolar,196,FOCOS Cursos,1009,Módulo 04 - Educação Infantil,Mergulhando fundo: Avaliação e a Educação Infantil,2092,Atividade Educação Infantil - Avaliação da Aprendizagem Escolar,,995114
10307,11860,SAS - Focos,291,Avaliação da Aprendizagem Escolar,Avaliação da Aprendizagem Escolar,196,FOCOS Cursos,1010,Módulo 04 - Anos Iniciais,Mergulhando fundo: Avaliação e o Ensino Fundamental Anos Iniciais,2083,Aula 02 Avaliação no Ensino Fundamental Anos Iniciais,91519,
10307,11860,SAS - Focos,291,Avaliação da Aprendizagem Escolar,Avaliação da Aprendizagem Escolar,196,FOCOS Cursos,1010,Módulo 04 - Anos Iniciais,Mergulhando fundo: Avaliação e o Ensino Fundamental Anos Iniciais,2084,Atividade Módulo 04 Anos Iniciais: Orientações prévias,91520,
10307,11860,SAS - Focos,291,Avaliação da Aprendizagem Escolar,Avaliação da Aprendizagem Escolar,196,FOCOS Cursos,1010,Módulo 04 - Anos Iniciais,Mergulhando fundo: Avaliação e o Ensino Fundamental Anos Iniciais,2085,Módulo 04 Anos Iniciais - Material de Apoio - apresentação dos palestrantes,89954,
10307,11860,SAS - Focos,291,Avaliação da Aprendizagem Escolar,Avaliação da Aprendizagem Escolar,196,FOCOS Cursos,1010,Módulo 04 - Anos Iniciais,Mergulhando fundo: Avaliação e o Ensino Fundamental Anos Iniciais,2096,Atividade Anos Iniciais - Avaliação da Aprendizagem Escolar,,995418
10307,11860,SAS - Focos,291,Avaliação da Aprendizagem Escolar,Avaliação da Aprendizagem Escolar,196,FOCOS Cursos,1011,Módulo 04 - Anos Finais,Mergulhando fundo: Avaliação e o Ensino Fundamental Anos Finais,2086,Aula 03 Avaliação no Ensino Fundamental Anos Finais,91521,
10307,11860,SAS - Focos,291,Avaliação da Aprendizagem Escolar,Avaliação da Aprendizagem Escolar,196,FOCOS Cursos,1011,Módulo 04 - Anos Finais,Mergulhando fundo: Avaliação e o Ensino Fundamental Anos Finais,2087,Atividade Módulo 04 Anos Finais: Orientações prévias,91522,
10307,11860,SAS - Focos,291,Avaliação da Aprendizagem Escolar,Avaliação da Aprendizagem Escolar,196,FOCOS Cursos,1011,Módulo 04 - Anos Finais,Mergulhando fundo: Avaliação e o Ensino Fundamental Anos Finais,2088,Módulo 04 Anos Finais - Material de Apoio - apresentação dos palestrantes,90014,
10307,11860,SAS - Focos,291,Avaliação da Aprendizagem Escolar,Avaliação da Aprendizagem Escolar,196,FOCOS Cursos,1011,Módulo 04 - Anos Finais,Mergulhando fundo: Avaliação e o Ensino Fundamental Anos Finais,2094,Atividade Anos Finais - Avaliação da Aprendizagem Escolar,,995335
10307,11860,SAS - Focos,291,Avaliação da Aprendizagem Escolar,Avaliação da Aprendizagem Escolar,196,FOCOS Cursos,1012,Certificação,Informações importantes para a certificação,2089,Acesse aqui informações sobre sua certificação,90593,
10307,11860,SAS - Focos,294,Novo Ensino Médio para Professores,Novo Ensino Médio para Professores,196,FOCOS Cursos,1020,Embarque - Sua jornada começa aqui,Bem-vindo(a)! Vamos começar?,2131,Aula 02 Introdução ao Contexto do Novo Ensino Médio,92378,
10307,11860,SAS - Focos,294,Novo Ensino Médio para Professores,Novo Ensino Médio para Professores,196,FOCOS Cursos,1020,Embarque - Sua jornada começa aqui,Bem-vindo(a)! Vamos começar?,2132,Aula 01 O que o professor e gestor devem esperar do curso,92379,
10307,11860,SAS - Focos,294,Novo Ensino Médio para Professores,Novo Ensino Médio para Professores,196,FOCOS Cursos,1020,Embarque - Sua jornada começa aqui,Bem-vindo(a)! Vamos começar?,2133,Como navegar na plataforma,91357,
10307,11860,SAS - Focos,294,Novo Ensino Médio para Professores,Novo Ensino Médio para Professores,196,FOCOS Cursos,1020,Embarque - Sua jornada começa aqui,Bem-vindo(a)! Vamos começar?,2134,Objetivos de Aprendizagem,91591,
10307,11860,SAS - Focos,294,Novo Ensino Médio para Professores,Novo Ensino Médio para Professores,196,FOCOS Cursos,1020,Embarque - Sua jornada começa aqui,Bem-vindo(a)! Vamos começar?,2135,Ementa do curso,91891,
10307,11860,SAS - Focos,294,Novo Ensino Médio para Professores,Novo Ensino Médio para Professores,196,FOCOS Cursos,1020,Embarque - Sua jornada começa aqui,Bem-vindo(a)! Vamos começar?,2136,Conteúdo Programático,91906,
10307,11860,SAS - Focos,294,Novo Ensino Médio para Professores,Novo Ensino Médio para Professores,196,FOCOS Cursos,1020,Embarque - Sua jornada começa aqui,Bem-vindo(a)! Vamos começar?,2137,Bem vindo(a) ao Curso!,92050,
10307,11860,SAS - Focos,294,Novo Ensino Médio para Professores,Novo Ensino Médio para Professores,196,FOCOS Cursos,1021,Módulo 01,Novo Ensino Médio: Conceitos e Estrutura,2138,Aula 01 Por que um Novo Ensino Médio,92380,
10307,11860,SAS - Focos,294,Novo Ensino Médio para Professores,Novo Ensino Médio para Professores,196,FOCOS Cursos,1021,Módulo 01,Novo Ensino Médio: Conceitos e Estrutura,2139,"Aula 02 FGB (BNCC, competências e habilidades) e Itinerários Formativos",92381,
10307,11860,SAS - Focos,294,Novo Ensino Médio para Professores,Novo Ensino Médio para Professores,196,FOCOS Cursos,1021,Módulo 01,Novo Ensino Médio: Conceitos e Estrutura,2140,Aula 03 Projeto de Vida,92382,
10307,11860,SAS - Focos,294,Novo Ensino Médio para Professores,Novo Ensino Médio para Professores,196,FOCOS Cursos,1021,Módulo 01,Novo Ensino Médio: Conceitos e Estrutura,2141,Aula 04 Novo Ensino Médio e a EAD,92383,
10307,11860,SAS - Focos,294,Novo Ensino Médio para Professores,Novo Ensino Médio para Professores,196,FOCOS Cursos,1021,Módulo 01,Novo Ensino Médio: Conceitos e Estrutura,2142,Ebook Marcos Legais Novo Ensino Médio,89601,
10307,11860,SAS - Focos,294,Novo Ensino Médio para Professores,Novo Ensino Médio para Professores,196,FOCOS Cursos,1021,Módulo 01,Novo Ensino Médio: Conceitos e Estrutura,2143,Ebook Módulo 01 - Carga Horária do Novo Ensino Médio,89602,
10307,11860,SAS - Focos,294,Novo Ensino Médio para Professores,Novo Ensino Médio para Professores,196,FOCOS Cursos,1021,Módulo 01,Novo Ensino Médio: Conceitos e Estrutura,2144,Autoavaliação e Call to action Módulo 01,89603,
10307,11860,SAS - Focos,294,Novo Ensino Médio para Professores,Novo Ensino Médio para Professores,196,FOCOS Cursos,1021,Módulo 01,Novo Ensino Médio: Conceitos e Estrutura,2145,Atividade Módulo 01 Novo Ensino Médio,,992935
10307,11860,SAS - Focos,294,Novo Ensino Médio para Professores,Novo Ensino Médio para Professores,196,FOCOS Cursos,1021,Módulo 01,Novo Ensino Médio: Conceitos e Estrutura,2146,Atividade Orientações prévias,92384,
10307,11860,SAS - Focos,294,Novo Ensino Médio para Professores,Novo Ensino Médio para Professores,196,FOCOS Cursos,1021,Módulo 01,Novo Ensino Médio: Conceitos e Estrutura,2147,Pesquisa de satisfação módulo Novo Ensino Médio: Conceitos e Estrutura,92098,
10307,11860,SAS - Focos,294,Novo Ensino Médio para Professores,Novo Ensino Médio para Professores,196,FOCOS Cursos,1021,Módulo 01,Novo Ensino Médio: Conceitos e Estrutura,2148,Informações importantes para certificação,92101,
10307,11860,SAS - Focos,294,Novo Ensino Médio para Professores,Novo Ensino Médio para Professores,196,FOCOS Cursos,1022,Módulo 02,Itinerários Formativos: Visão Geral,2149,Aula 01 Objetivo dos Itinerários Formativos,92385,
10307,11860,SAS - Focos,294,Novo Ensino Médio para Professores,Novo Ensino Médio para Professores,196,FOCOS Cursos,1022,Módulo 02,Itinerários Formativos: Visão Geral,2150,Aula 02 Protagonismo dos Estudantes no  Novo Ensino Médio,92386,
10307,11860,SAS - Focos,294,Novo Ensino Médio para Professores,Novo Ensino Médio para Professores,196,FOCOS Cursos,1022,Módulo 02,Itinerários Formativos: Visão Geral,2151,"Aula 03 Parte diversificada - Ciclo comum, eletivas e trilhas formativas",92387,
10307,11860,SAS - Focos,294,Novo Ensino Médio para Professores,Novo Ensino Médio para Professores,196,FOCOS Cursos,1022,Módulo 02,Itinerários Formativos: Visão Geral,2152,Ebook Módulo 02 - O que esperar dos estudantes,89608,
10307,11860,SAS - Focos,294,Novo Ensino Médio para Professores,Novo Ensino Médio para Professores,196,FOCOS Cursos,1022,Módulo 02,Itinerários Formativos: Visão Geral,2153,Autoavaliação e Call to action Módulo 02,89609,
10307,11860,SAS - Focos,294,Novo Ensino Médio para Professores,Novo Ensino Médio para Professores,196,FOCOS Cursos,1022,Módulo 02,Itinerários Formativos: Visão Geral,2154,Atividade Módulo 02 Novo Ensino Médio,,993105
10307,11860,SAS - Focos,294,Novo Ensino Médio para Professores,Novo Ensino Médio para Professores,196,FOCOS Cursos,1022,Módulo 02,Itinerários Formativos: Visão Geral,2155,Atividade Orientações prévias,92388,
10307,11860,SAS - Focos,294,Novo Ensino Médio para Professores,Novo Ensino Médio para Professores,196,FOCOS Cursos,1022,Módulo 02,Itinerários Formativos: Visão Geral,2156,Pesquisa de satisfação módulo Itinerários Formativos - Visão Geral,91882,
10307,11860,SAS - Focos,294,Novo Ensino Médio para Professores,Novo Ensino Médio para Professores,196,FOCOS Cursos,1022,Módulo 02,Itinerários Formativos: Visão Geral,2157,Informações importantes para certificação,92103,
10307,11860,SAS - Focos,294,Novo Ensino Médio para Professores,Novo Ensino Médio para Professores,196,FOCOS Cursos,1022,Módulo 02,Itinerários Formativos: Visão Geral,2272,Ebook Módulo 02 - O papel do professor no Novo Ensino Médio,93854,
10307,11860,SAS - Focos,294,Novo Ensino Médio para Professores,Novo Ensino Médio para Professores,196,FOCOS Cursos,1023,Módulo 03,Itinerários Formativos: Aprofundamento,2158,Aula 01 Competências do século XXI e preparação para o mundo do trabalho,92389,
10307,11860,SAS - Focos,294,Novo Ensino Médio para Professores,Novo Ensino Médio para Professores,196,FOCOS Cursos,1023,Módulo 03,Itinerários Formativos: Aprofundamento,2159,Aula 02 Referenciais Curriculares para a Elaboração de Itinerários Formativos,92390,
10307,11860,SAS - Focos,294,Novo Ensino Médio para Professores,Novo Ensino Médio para Professores,196,FOCOS Cursos,1023,Módulo 03,Itinerários Formativos: Aprofundamento,2160,Autoavaliação e Call to action Módulo 03,89621,
10307,11860,SAS - Focos,294,Novo Ensino Médio para Professores,Novo Ensino Médio para Professores,196,FOCOS Cursos,1023,Módulo 03,Itinerários Formativos: Aprofundamento,2161,Atividade Módulo 03 - Novo Ensino Médio,,993256
10307,11860,SAS - Focos,294,Novo Ensino Médio para Professores,Novo Ensino Médio para Professores,196,FOCOS Cursos,1023,Módulo 03,Itinerários Formativos: Aprofundamento,2162,Atividade Orientações Prévias,92391,
10307,11860,SAS - Focos,294,Novo Ensino Médio para Professores,Novo Ensino Médio para Professores,196,FOCOS Cursos,1023,Módulo 03,Itinerários Formativos: Aprofundamento,2163,Aula 03 Como o professor pode comunicar os itinerários formativos para os alunos,91458,
10307,11860,SAS - Focos,294,Novo Ensino Médio para Professores,Novo Ensino Médio para Professores,196,FOCOS Cursos,1023,Módulo 03,Itinerários Formativos: Aprofundamento,2164,Aula 04 Como preparar a comunicação sobre os Itinerários Formativos para pais e comunidade escolar,91459,
10307,11860,SAS - Focos,294,Novo Ensino Médio para Professores,Novo Ensino Médio para Professores,196,FOCOS Cursos,1023,Módulo 03,Itinerários Formativos: Aprofundamento,2165,Ebook Módulo 03 - Projeto de Vida e Itinerários Formativos,91465,
10307,11860,SAS - Focos,294,Novo Ensino Médio para Professores,Novo Ensino Médio para Professores,196,FOCOS Cursos,1023,Módulo 03,Itinerários Formativos: Aprofundamento,2166,Pesquisa de satisfação módulo Itinerários Formativos - Aprofundamento,91886,
10307,11860,SAS - Focos,294,Novo Ensino Médio para Professores,Novo Ensino Médio para Professores,196,FOCOS Cursos,1023,Módulo 03,Itinerários Formativos: Aprofundamento,2167,Informações importantes para certificação,92107,
10307,11860,SAS - Focos,294,Novo Ensino Médio para Professores,Novo Ensino Médio para Professores,196,FOCOS Cursos,1023,Módulo 03,Itinerários Formativos: Aprofundamento,2168,Aula 04 Baixe aqui a Apresentação Editável,92277,
10307,11860,SAS - Focos,294,Novo Ensino Médio para Professores,Novo Ensino Médio para Professores,196,FOCOS Cursos,1023,Módulo 03,Itinerários Formativos: Aprofundamento,2169,Aula 03 Baixe aqui a Apresentação Editável,92282,
10307,11860,SAS - Focos,294,Novo Ensino Médio para Professores,Novo Ensino Médio para Professores,196,FOCOS Cursos,1023,Módulo 03,Itinerários Formativos: Aprofundamento,2273,Trilhas Específicas SAS e Carreiras,93861,
10307,11860,SAS - Focos,317,TESTE NEM GESTORES,Novo Ensino Médio para Gestores,196,FOCOS Cursos,1109,Embarque - Sua jornada começa aqui,Bem-vindo(a)! Vamos começar?,2228,Aula 02 Introdução ao Contexto do Novo Ensino Médio,93717,
10307,11860,SAS - Focos,317,TESTE NEM GESTORES,Novo Ensino Médio para Gestores,196,FOCOS Cursos,1109,Embarque - Sua jornada começa aqui,Bem-vindo(a)! Vamos começar?,2229,Aula 01 O que o professor e gestor devem esperar do curso,93718,
10307,11860,SAS - Focos,317,TESTE NEM GESTORES,Novo Ensino Médio para Gestores,196,FOCOS Cursos,1109,Embarque - Sua jornada começa aqui,Bem-vindo(a)! Vamos começar?,2230,Como navegar na plataforma,91357,
10307,11860,SAS - Focos,317,TESTE NEM GESTORES,Novo Ensino Médio para Gestores,196,FOCOS Cursos,1109,Embarque - Sua jornada começa aqui,Bem-vindo(a)! Vamos começar?,2231,Objetivos de Aprendizagem,91591,
10307,11860,SAS - Focos,317,TESTE NEM GESTORES,Novo Ensino Médio para Gestores,196,FOCOS Cursos,1109,Embarque - Sua jornada começa aqui,Bem-vindo(a)! Vamos começar?,2232,Ementa do curso,91891,
10307,11860,SAS - Focos,317,TESTE NEM GESTORES,Novo Ensino Médio para Gestores,196,FOCOS Cursos,1109,Embarque - Sua jornada começa aqui,Bem-vindo(a)! Vamos começar?,2233,Conteúdo Programático,91906,
10307,11860,SAS - Focos,317,TESTE NEM GESTORES,Novo Ensino Médio para Gestores,196,FOCOS Cursos,1109,Embarque - Sua jornada começa aqui,Bem-vindo(a)! Vamos começar?,2234,Bem vindo(a) ao Curso!,92050,
10307,11860,SAS - Focos,317,TESTE NEM GESTORES,Novo Ensino Médio para Gestores,196,FOCOS Cursos,1110,Módulo 01,Novo Ensino Médio: Conceitos e Estrutura,2235,Aula 01 Por que um Novo Ensino Médio,93719,
10307,11860,SAS - Focos,317,TESTE NEM GESTORES,Novo Ensino Médio para Gestores,196,FOCOS Cursos,1110,Módulo 01,Novo Ensino Médio: Conceitos e Estrutura,2236,"Aula 02 FGB (BNCC, competências e habilidades) e Itinerários Formativos",93720,
10307,11860,SAS - Focos,317,TESTE NEM GESTORES,Novo Ensino Médio para Gestores,196,FOCOS Cursos,1110,Módulo 01,Novo Ensino Médio: Conceitos e Estrutura,2237,Aula 03 Projeto de Vida,93721,
10307,11860,SAS - Focos,317,TESTE NEM GESTORES,Novo Ensino Médio para Gestores,196,FOCOS Cursos,1110,Módulo 01,Novo Ensino Médio: Conceitos e Estrutura,2238,Aula 04 Novo Ensino Médio e a EAD,93722,
10307,11860,SAS - Focos,317,TESTE NEM GESTORES,Novo Ensino Médio para Gestores,196,FOCOS Cursos,1110,Módulo 01,Novo Ensino Médio: Conceitos e Estrutura,2239,Ebook Marcos Legais Novo Ensino Médio,89601,
10307,11860,SAS - Focos,317,TESTE NEM GESTORES,Novo Ensino Médio para Gestores,196,FOCOS Cursos,1110,Módulo 01,Novo Ensino Médio: Conceitos e Estrutura,2240,Ebook Módulo 01 - Carga Horária do Novo Ensino Médio,89602,
10307,11860,SAS - Focos,317,TESTE NEM GESTORES,Novo Ensino Médio para Gestores,196,FOCOS Cursos,1110,Módulo 01,Novo Ensino Médio: Conceitos e Estrutura,2241,Autoavaliação e Call to action Módulo 01,89603,
10307,11860,SAS - Focos,317,TESTE NEM GESTORES,Novo Ensino Médio para Gestores,196,FOCOS Cursos,1110,Módulo 01,Novo Ensino Médio: Conceitos e Estrutura,2242,Atividade Módulo 01 Novo Ensino Médio,,992935
10307,11860,SAS - Focos,317,TESTE NEM GESTORES,Novo Ensino Médio para Gestores,196,FOCOS Cursos,1110,Módulo 01,Novo Ensino Médio: Conceitos e Estrutura,2243,Atividade Orientações prévias,93723,
10307,11860,SAS - Focos,317,TESTE NEM GESTORES,Novo Ensino Médio para Gestores,196,FOCOS Cursos,1110,Módulo 01,Novo Ensino Médio: Conceitos e Estrutura,2244,Pesquisa de satisfação módulo Novo Ensino Médio: Conceitos e Estrutura,92098,
10307,11860,SAS - Focos,317,TESTE NEM GESTORES,Novo Ensino Médio para Gestores,196,FOCOS Cursos,1110,Módulo 01,Novo Ensino Médio: Conceitos e Estrutura,2245,Informações importantes para certificação,92101,
10307,11860,SAS - Focos,317,TESTE NEM GESTORES,Novo Ensino Médio para Gestores,196,FOCOS Cursos,1111,Módulo 02,Itinerários Formativos: Visão Geral,2246,Aula 01 Objetivo dos Itinerários Formativos,93724,
10307,11860,SAS - Focos,317,TESTE NEM GESTORES,Novo Ensino Médio para Gestores,196,FOCOS Cursos,1111,Módulo 02,Itinerários Formativos: Visão Geral,2247,Aula 02 Protagonismo dos Estudantes no  Novo Ensino Médio,93725,
10307,11860,SAS - Focos,317,TESTE NEM GESTORES,Novo Ensino Médio para Gestores,196,FOCOS Cursos,1111,Módulo 02,Itinerários Formativos: Visão Geral,2248,"Aula 03 Parte diversificada - Ciclo comum, eletivas e trilhas formativas",93726,
10307,11860,SAS - Focos,317,TESTE NEM GESTORES,Novo Ensino Médio para Gestores,196,FOCOS Cursos,1111,Módulo 02,Itinerários Formativos: Visão Geral,2249,Ebook Módulo 02 - O que esperar dos estudantes,89608,
10307,11860,SAS - Focos,317,TESTE NEM GESTORES,Novo Ensino Médio para Gestores,196,FOCOS Cursos,1111,Módulo 02,Itinerários Formativos: Visão Geral,2251,Atividade Módulo 02 Novo Ensino Médio,,993105
10307,11860,SAS - Focos,317,TESTE NEM GESTORES,Novo Ensino Médio para Gestores,196,FOCOS Cursos,1111,Módulo 02,Itinerários Formativos: Visão Geral,2252,Atividade Orientações prévias,93727,
10307,11860,SAS - Focos,317,TESTE NEM GESTORES,Novo Ensino Médio para Gestores,196,FOCOS Cursos,1111,Módulo 02,Itinerários Formativos: Visão Geral,2253,Pesquisa de satisfação módulo Itinerários Formativos - Visão Geral,91882,
10307,11860,SAS - Focos,317,TESTE NEM GESTORES,Novo Ensino Médio para Gestores,196,FOCOS Cursos,1111,Módulo 02,Itinerários Formativos: Visão Geral,2254,Informações importantes para certificação,92103,
10307,11860,SAS - Focos,317,TESTE NEM GESTORES,Novo Ensino Médio para Gestores,196,FOCOS Cursos,1111,Módulo 02,Itinerários Formativos: Visão Geral,2270,Ebook Módulo 02 - O papel do professor no Novo Ensino Médio,93740,
10307,11860,SAS - Focos,317,TESTE NEM GESTORES,Novo Ensino Médio para Gestores,196,FOCOS Cursos,1111,Módulo 02,Itinerários Formativos: Visão Geral,2271,Autoavaliação e Call to action Módulo 02,93741,
10307,11860,SAS - Focos,317,TESTE NEM GESTORES,Novo Ensino Médio para Gestores,196,FOCOS Cursos,1112,Módulo 03,Itinerários Formativos: Aprofundamento,2255,Aula 01 Competências do século XXI e preparação para o mundo do trabalho,93728,
10307,11860,SAS - Focos,317,TESTE NEM GESTORES,Novo Ensino Médio para Gestores,196,FOCOS Cursos,1112,Módulo 03,Itinerários Formativos: Aprofundamento,2256,Aula 02 Referenciais Curriculares para a Elaboração de Itinerários Formativos,93729,
10307,11860,SAS - Focos,317,TESTE NEM GESTORES,Novo Ensino Médio para Gestores,196,FOCOS Cursos,1112,Módulo 03,Itinerários Formativos: Aprofundamento,2258,Atividade Módulo 03 - Novo Ensino Médio,,993256
10307,11860,SAS - Focos,317,TESTE NEM GESTORES,Novo Ensino Médio para Gestores,196,FOCOS Cursos,1112,Módulo 03,Itinerários Formativos: Aprofundamento,2259,Atividade Orientações Prévias,93730,
10307,11860,SAS - Focos,317,TESTE NEM GESTORES,Novo Ensino Médio para Gestores,196,FOCOS Cursos,1112,Módulo 03,Itinerários Formativos: Aprofundamento,2260,Aula 03 Como o professor pode comunicar os itinerários formativos para os alunos,91458,
10307,11860,SAS - Focos,317,TESTE NEM GESTORES,Novo Ensino Médio para Gestores,196,FOCOS Cursos,1112,Módulo 03,Itinerários Formativos: Aprofundamento,2261,Aula 04 Como preparar a comunicação sobre os Itinerários Formativos para pais e comunidade escolar,91459,
10307,11860,SAS - Focos,317,TESTE NEM GESTORES,Novo Ensino Médio para Gestores,196,FOCOS Cursos,1112,Módulo 03,Itinerários Formativos: Aprofundamento,2262,Ebook Módulo 03 - Projeto de Vida e Itinerários Formativos,91465,
10307,11860,SAS - Focos,317,TESTE NEM GESTORES,Novo Ensino Médio para Gestores,196,FOCOS Cursos,1112,Módulo 03,Itinerários Formativos: Aprofundamento,2263,Pesquisa de satisfação módulo Itinerários Formativos - Aprofundamento,91886,
10307,11860,SAS - Focos,317,TESTE NEM GESTORES,Novo Ensino Médio para Gestores,196,FOCOS Cursos,1112,Módulo 03,Itinerários Formativos: Aprofundamento,2264,Informações importantes para certificação,92107,
10307,11860,SAS - Focos,317,TESTE NEM GESTORES,Novo Ensino Médio para Gestores,196,FOCOS Cursos,1112,Módulo 03,Itinerários Formativos: Aprofundamento,2265,Aula 04 Baixe aqui a Apresentação Editável,92277,
10307,11860,SAS - Focos,317,TESTE NEM GESTORES,Novo Ensino Médio para Gestores,196,FOCOS Cursos,1112,Módulo 03,Itinerários Formativos: Aprofundamento,2266,Aula 03 Baixe aqui a Apresentação Editável,92282,
10307,11860,SAS - Focos,317,TESTE NEM GESTORES,Novo Ensino Médio para Gestores,196,FOCOS Cursos,1112,Módulo 03,Itinerários Formativos: Aprofundamento,2269,Autoavaliação e Call to action Módulo 03,93737,
